Pollutant:,SOX,Unit: grams,,,,,,,,,,,,,,,,,,,,,,,,,,,,,,,,,,
,2015.0,2016.0,2017.0,2018.0,2019.0,2020.0,2021.0,2022.0,2023.0,2024.0,2025.0,2026.0,2027.0,2028.0,2029.0,2030.0,2031.0,2032.0,2033.0,2034.0,2035.0,2036.0,2037.0,2038.0,2039.0,2040.0,2041.0,2042.0,2043.0,2044.0,2045.0,2046.0,2047.0,2048.0,2049.0,2050.0
agriculture and forestry 01T03,0.0,0.0,0.0,0.0,0.0,0.0,0.0,0.0,0.0,0.0,0.0,0.0,0.0,0.0,0.0,0.0,0.0,0.0,0.0,0.0,0.0,0.0,0.0,0.0,0.0,0.0,0.0,0.0,0.0,0.0,0.0,0.0,0.0,0.0,0.0,0.0
coal mining 05,0.0,0.0,0.0,0.0,0.0,0.0,0.0,0.0,0.0,0.0,0.0,0.0,0.0,0.0,0.0,0.0,0.0,0.0,0.0,0.0,0.0,0.0,0.0,0.0,0.0,0.0,0.0,0.0,0.0,0.0,0.0,0.0,0.0,0.0,0.0,0.0
oil and gas extraction 06,0.0,0.0,0.0,0.0,0.0,439381286.634103,447324521.5364121,423830696.5688301,425215628.08388156,460112268.36513484,468061036.7364807,451814325.8221748,460775802.8654915,475245767.576005,485493026.24533623,498710336.4703254,508144177.91969043,515899427.41820365,519545688.28761274,520973168.7176053,524663115.0709573,524001416.78811586,525212541.39783216,527200508.2423847,527675948.06408954,536389269.7379326,538372901.7349468,543122259.2640421,544416293.6831133,546789670.0299757,550784332.9641373,555214572.444014,557238588.3339714,554968837.4424546,557508675.5903852,562538906.8669327
other mining and quarrying 07T08,0.0,0.0,0.0,0.0,0.0,0.0,0.0,0.0,0.0,0.0,0.0,0.0,0.0,0.0,0.0,0.0,0.0,0.0,0.0,0.0,0.0,0.0,0.0,0.0,0.0,0.0,0.0,0.0,0.0,0.0,0.0,0.0,0.0,0.0,0.0,0.0
food beverage and tobacco 10T12,0.0,0.0,0.0,0.0,0.0,0.0,0.0,0.0,0.0,0.0,0.0,0.0,0.0,0.0,0.0,0.0,0.0,0.0,0.0,0.0,0.0,0.0,0.0,0.0,0.0,0.0,0.0,0.0,0.0,0.0,0.0,0.0,0.0,0.0,0.0,0.0
textiles apparel and leather 13T15,0.0,0.0,0.0,0.0,0.0,0.0,0.0,0.0,0.0,0.0,0.0,0.0,0.0,0.0,0.0,0.0,0.0,0.0,0.0,0.0,0.0,0.0,0.0,0.0,0.0,0.0,0.0,0.0,0.0,0.0,0.0,0.0,0.0,0.0,0.0,0.0
wood products 16,0.0,0.0,0.0,0.0,0.0,0.0,0.0,0.0,0.0,0.0,0.0,0.0,0.0,0.0,0.0,0.0,0.0,0.0,0.0,0.0,0.0,0.0,0.0,0.0,0.0,0.0,0.0,0.0,0.0,0.0,0.0,0.0,0.0,0.0,0.0,0.0
pulp paper and printing 17T18,0.0,0.0,0.0,0.0,0.0,334568249.20466596,339387972.42841995,359575481.66838616,372610689.83738583,368860906.7402494,368545538.8999875,369967822.0491851,369674592.3807325,371220436.46202093,373751207.11962867,375674456.35881215,379423763.2164726,383047202.29535955,385226477.1537398,388013068.96373004,390707455.10567796,391480108.3197176,392971774.54627365,396754049.7104959,396966368.02061325,400589317.09007615,405651444.2187629,409521112.0220958,412429239.3400322,413992093.93193793,415309691.3539995,416748200.02490973,416678347.60970503,417283943.74419945,418430146.10938257,419813119.8540992
refined petroleum and coke 19,0.0,0.0,0.0,0.0,0.0,349003018.0884323,350004469.07101387,351084322.0906857,324756930.59684426,424923493.4311027,446553350.7890383,471835927.06148773,491323470.3982978,488105210.2241495,477838711.52797157,475141403.242772,468432594.6176119,480388719.06902564,483101898.4620679,482288649.14681673,490810030.0997348,491635373.109523,497314783.4286474,491856459.85368276,492227773.03749424,493093080.7700509,488154446.4025869,492608917.25705725,490569417.5509382,493820002.6157905,495367650.12882584,531753994.918383,531501164.5800535,508846091.1441558,495004279.87337965,500027244.0152967
chemicals 20,0.0,0.0,0.0,0.0,0.0,1370350411.9553475,1370247840.3132856,1300193013.5703187,1413428718.7564805,1531912113.8409007,1407733445.585877,1319700527.8338451,1354521762.954451,1395090317.0522177,1437120911.528805,1477337903.5169086,1506280860.8574374,1535478073.3991773,1571960841.5276926,1600788910.5502524,1627048800.9508715,1661674467.204548,1695090611.9659088,1722934751.366082,1741068233.3717058,1764410023.3805006,1790208799.6406775,1839953051.4067886,1887592524.2634435,1924176240.8237972,1964495313.3661408,1984665870.4107912,1990614163.857606,1997169167.5815125,2024486906.529332,2059204440.697626
rubber and plastic products 22,0.0,0.0,0.0,0.0,0.0,0.0,0.0,0.0,0.0,0.0,0.0,0.0,0.0,0.0,0.0,0.0,0.0,0.0,0.0,0.0,0.0,0.0,0.0,0.0,0.0,0.0,0.0,0.0,0.0,0.0,0.0,0.0,0.0,0.0,0.0,0.0
glass and glass products 231,0.0,0.0,0.0,0.0,0.0,0.0,0.0,0.0,0.0,0.0,0.0,0.0,0.0,0.0,0.0,0.0,0.0,0.0,0.0,0.0,0.0,0.0,0.0,0.0,0.0,0.0,0.0,0.0,0.0,0.0,0.0,0.0,0.0,0.0,0.0,0.0
cement and other nonmetallic minerals 239,0.0,0.0,0.0,0.0,0.0,1138618189.7207432,1191534934.2605672,1136151805.5555556,1184366278.3810465,1347493722.3538043,1226361646.9457715,1135309448.0916605,1078946121.7540467,1032953171.9426024,1019091696.2921939,1003352783.2959163,989316740.8372233,976707027.9779853,810290443.7468424,779327385.5142227,744896200.7250706,712035877.4605341,691601418.367448,674294488.8618242,646311355.4143596,628287884.5492446,608720203.0028591,591827383.1950902,579180910.7984693,569805985.5078846,555091404.8338873,545642866.2310338,537184229.4597051,528156359.05923843,521774449.5952759,517021069.805153
iron and steel 241,0.0,0.0,0.0,0.0,0.0,1786650916.496945,1807236150.712831,2131796080.7600951,2075114678.8990827,2011653322.962062,1877305458.4168406,1688882344.7552416,1618545539.1733065,1641074627.908107,1646375973.040718,1627392638.421,1592258163.5869558,1533098383.247482,1533114174.3488774,1559221057.2748067,1566358650.0367632,1582842105.0730138,1600301593.0258925,1615284803.971489,1634623802.5907812,1648579731.1227782,1653355179.774919,1669810325.3817616,1700538874.2128634,1718309498.0069947,1723768979.4677687,1718666924.020565,1698513995.431261,1675223117.2565267,1676170242.4379766,1691853119.5272796
other metals 242,0.0,0.0,0.0,0.0,0.0,173395113.23763955,178680967.57044128,181185359.16230366,196809886.41425392,203386436.36990905,201128813.39383414,200233474.17456412,204597020.19780284,212029411.60684845,218130298.42661315,223284659.06145564,226229824.86694068,226693860.99967426,226568511.01065126,227134231.94346687,228528053.2520129,230673707.01674414,233005230.7182252,234816630.5119436,236162502.67807412,238512021.21283087,240294833.80642492,241684574.06951782,243973046.88569355,246387539.1004068,247592023.6272582,247980535.56895757,248299246.1130788,248890268.51434934,249528831.04190296,249472308.2672233
metal products except machinery and vehicles 25,0.0,0.0,0.0,0.0,0.0,0.0,0.0,0.0,0.0,0.0,0.0,0.0,0.0,0.0,0.0,0.0,0.0,0.0,0.0,0.0,0.0,0.0,0.0,0.0,0.0,0.0,0.0,0.0,0.0,0.0,0.0,0.0,0.0,0.0,0.0,0.0
computers and electronics 26,0.0,0.0,0.0,0.0,0.0,0.0,0.0,0.0,0.0,0.0,0.0,0.0,0.0,0.0,0.0,0.0,0.0,0.0,0.0,0.0,0.0,0.0,0.0,0.0,0.0,0.0,0.0,0.0,0.0,0.0,0.0,0.0,0.0,0.0,0.0,0.0
appliances and electrical equipment 27,0.0,0.0,0.0,0.0,0.0,0.0,0.0,0.0,0.0,0.0,0.0,0.0,0.0,0.0,0.0,0.0,0.0,0.0,0.0,0.0,0.0,0.0,0.0,0.0,0.0,0.0,0.0,0.0,0.0,0.0,0.0,0.0,0.0,0.0,0.0,0.0
other machinery 28,0.0,0.0,0.0,0.0,0.0,0.0,0.0,0.0,0.0,0.0,0.0,0.0,0.0,0.0,0.0,0.0,0.0,0.0,0.0,0.0,0.0,0.0,0.0,0.0,0.0,0.0,0.0,0.0,0.0,0.0,0.0,0.0,0.0,0.0,0.0,0.0
road vehicles 29,0.0,0.0,0.0,0.0,0.0,0.0,0.0,0.0,0.0,0.0,0.0,0.0,0.0,0.0,0.0,0.0,0.0,0.0,0.0,0.0,0.0,0.0,0.0,0.0,0.0,0.0,0.0,0.0,0.0,0.0,0.0,0.0,0.0,0.0,0.0,0.0
nonroad vehicles 30,0.0,0.0,0.0,0.0,0.0,0.0,0.0,0.0,0.0,0.0,0.0,0.0,0.0,0.0,0.0,0.0,0.0,0.0,0.0,0.0,0.0,0.0,0.0,0.0,0.0,0.0,0.0,0.0,0.0,0.0,0.0,0.0,0.0,0.0,0.0,0.0
other manufacturing 31T33,0.0,0.0,0.0,0.0,0.0,1676806398.8657844,1690804111.5311909,1838429717.3776615,1998868907.303112,1966291939.555777,1913085170.6859255,1885998482.5919185,1882134649.050961,1888901152.195847,1917208342.823489,1951895515.0460815,1985592521.8012254,2042636151.7881644,2091460061.637557,2141988547.512552,2185105768.1839347,2211012256.4940076,2244261594.491222,2292948821.8539014,2322845679.7600164,2367775760.272404,2411535142.3807583,2448633161.6622105,2477973264.9092402,2506847743.408572,2540263270.188174,2598121856.929659,2634232099.595007,2665509423.331743,2700031097.7957277,2735369605.009911
energy pipelines and gas processing 352T353,0.0,0.0,0.0,0.0,0.0,15848033.365109628,15787215.443279313,18214630.67240808,19917897.435897436,22873920.170022964,23297222.82365024,23430151.379266214,24964973.009299275,26893256.34013909,27195347.562263932,27631250.43277675,27310598.234633684,26743523.608204648,25783987.212769028,25141768.060064953,24879611.41223601,24854301.343889683,24875459.1694692,24568285.837869834,24680830.01646913,24560778.436417043,24309538.904301044,24286236.73291344,24423688.248645447,24542160.909868274,24675903.766219813,24759461.340610888,24594373.974658355,24492179.665810697,24613639.244875953,24888315.007834345
water and waste 36T39,0.0,0.0,0.0,0.0,0.0,0.0,0.0,0.0,0.0,0.0,0.0,0.0,0.0,0.0,0.0,0.0,0.0,0.0,0.0,0.0,0.0,0.0,0.0,0.0,0.0,0.0,0.0,0.0,0.0,0.0,0.0,0.0,0.0,0.0,0.0,0.0
construction 41T43,0.0,0.0,0.0,0.0,0.0,0.0,0.0,0.0,0.0,0.0,0.0,0.0,0.0,0.0,0.0,0.0,0.0,0.0,0.0,0.0,0.0,0.0,0.0,0.0,0.0,0.0,0.0,0.0,0.0,0.0,0.0,0.0,0.0,0.0,0.0,0.0
